Title,Subhead,Article URL,Premium,Byline,Article Type,Image URL
The profile of Emmanuel Carrère I almost wrote,"Journalist Gaspard Dhellemmes has attempted multiple times to profile the French star writer, a prominent figure in the so-called 'literature of the real.' He has yet to succeed.",https://www.lemonde.fr/en/m-le-mag/article/2026/10/03/the-profile-of-emmanuel-carrere-i-almost-wrote_6758206_117.html,Premium,,,https://img.lemde.fr/2026/09/15/0/1/1021/681/400/266/75/0/1fdfaaf_upload-1-ie2bug0xhldc-075-valicchia-notitle260621-np2fv-1.jpg
"High school protests: 'With minors involved, the risk of causing serious injury should be the top concern in maintaining public order'",,https://www.lemonde.fr/en/opinion/article/2026/10/03/high-school-protests-with-minors-involved-the-risk-of-causing-serious-injury-should-be-the-top-concern-in-maintaining-public-order_6758199_23.html,Premium,,,https://img.lemde.fr/2026/02/25/0/0/1500/1000/398/265/75/0/97544d8_upload-1-uzogijl545ls-frame-979.jpg
UAE investigators say flydubai co-pilot was planning 'terrorist act',,https://www.lemonde.fr/en/international/article/2026/10/03/uae-investigators-say-flydubai-co-pilot-was-planning-terrorist-act_6758208_4.html,,,,https://img.lemde.fr/2026/10/02/2/0/1717/1144/398/265/75/0/23e7e58_ftp-1-xspm7jkqm9at-2026-10-02t185108z-1774286668-rc2rtnan129z-rtrmadp-3-israel-gulf-flight-q-a.JPG
"Under pressure from Donald Trump, G7 releases 100 million barrels of oil",The threat of a US embargo on diesel exports accelerated discussions on ways to curb soaring prices.,https://www.lemonde.fr/en/economy/article/2026/10/03/under-pressure-from-donald-trump-g7-releases-100-million-barrels-of-oil_6758200_19.html,Premium,,,https://img.lemde.fr/2026/09/28/0/532/2880/1920/398/265/75/0/92a4b4a_ftp-1-dviug0tyrxz8-2026-09-28t234841z-731370403-rc2dsnasarcf-rtrmadp-3-usa-trump-diesel.JPG
"West Nile virus surges in France, reaching a record 145 human cases","High summer temperatures and the return of thunderstorms are fueling the spread of the virus, which is transmitted from birds to humans by common mosquitoes.",https://www.lemonde.fr/en/environment/article/2026/10/03/west-nile-virus-surges-in-france-reaching-a-record-145-human-cases_6758202_114.html,Premium,,,https://img.lemde.fr/2026/10/02/0/0/1906/1271/398/265/75/0/4369ae9_upload-1-wl0yyxilryyj-000-69c79t3.jpg
France-Italy: Frustrating night for Les Bleus despite Zidane's triumphant return to Stade de France,"Les Bleus settled for a draw against Italy (1-1) in the Nations League. Far from the scenario dreamed of by supporters, who had hoped to celebrate the new coach's first home match.",https://www.lemonde.fr/en/sports/article/2026/10/03/france-italy-frustrating-night-for-les-bleus-despite-zidane-s-triumphant-return-to-stade-de-france_6758204_9.html,Premium,,,https://img.lemde.fr/2026/10/02/171/0/3479/2319/398/265/75/0/36d20e6_ftp-1-d4mfmqd5wtdd-2026-10-02t201706z-2096799108-up1ema21kcgw5-rtrmadp-3-soccer-uefanations-fra-ita.JPG
"In Latvia, the rise of political parties close to Russia sparks concern ahead of parliamentary elections","As voting wraps up on Saturday, October 3, two populist parties are seeking to win over the Russian-speaking minority in the Baltic state. In Latvia, deep political disillusionment has created fertile ground for Russian propaganda.",https://www.lemonde.fr/en/international/article/2026/10/03/in-latvia-the-rise-of-political-parties-close-to-russia-sparks-concern-ahead-of-parliamentary-elections_6758205_4.html,Premium,,,https://img.lemde.fr/2026/10/01/167/0/4000/2666/664/442/75/0/b3a1ef4_upload-1-gqbsunsgaxqw-jelgava-30092026-reinis-hofmanis-006-copy.jpg
High school student protests spread across France as tensions escalate,,https://www.lemonde.fr/en/france/article/2026/10/02/high-school-student-protests-spread-across-france-as-tensions-escalate_6758168_7.html,Premium,,,https://img.lemde.fr/2026/10/01/0/0/2953/1968/198/132/95/0/2b9893e_upload-1-kywhoy1l9hc3-018-millerand-5h9a8623.jpg
"High school protests disrupt 730 schools in France, with new rallies urged",,https://www.lemonde.fr/en/education/article/2026/10/02/hundreds-of-french-high-schools-shut-as-student-protests-escalate_6758169_104.html,,,,https://img.lemde.fr/2026/10/02/0/0/6000/4000/198/132/95/0/a76db13_ftp-1-grbaewiwb7eh-2026-10-02t085134z-590323425-rc2uuna4tt0t-rtrmadp-3-france-protest.JPG
"West Nile virus surges in France, reaching a record 145 human cases",,https://www.lemonde.fr/en/environment/article/2026/10/03/west-nile-virus-surges-in-france-reaching-a-record-145-human-cases_6758202_114.html,Premium,,,https://img.lemde.fr/2026/10/02/0/0/1906/1271/198/132/95/0/4369ae9_upload-1-wl0yyxilryyj-000-69c79t3.jpg
Bardella's denial of antisemitic remarks challenged as website publishes evidence,,https://www.lemonde.fr/en/politics/article/2026/10/02/bardella-s-denial-of-antisemitic-remarks-challenged-as-website-publishes-evidence_6758167_5.html,Premium,,,https://img.lemde.fr/2026/10/02/0/0/3000/2000/198/132/95/0/689ad66_upload-1-rcvyq1l2ovb0-689ad66-upload-1-6u1f3v7hdz3w-rn-meetingrentre-e-asurp-100384.jpg
British man charged with preparing acts of terrorism against Farage,,https://www.lemonde.fr/en/international/article/2026/10/02/a-28-year-old-british-man-charged-with-preparing-acts-of-terrorism-against-uk-far-right-leader-nigel-farage_6758197_4.html,,,,
"After botched Tennessee execution, Christa Pike on a ventilator and unconscious",,https://www.lemonde.fr/en/international/article/2026/10/02/after-botched-tennessee-execution-christa-pike-on-a-ventilator-and-unconscious_6758196_4.html,,,,
"Ebola death toll in DRC passes 4,000, as health workers are fighting to get paid",,https://www.lemonde.fr/en/le-monde-africa/article/2026/10/03/ebola-death-toll-in-drc-passes-4-000-as-health-workers-are-fighting-to-get-paid_6758201_124.html,,,,
Trump takes a risky gamble by seeking to ease sanctions on Russia,,https://www.lemonde.fr/en/international/article/2026/10/02/trump-takes-a-risky-gamble-by-seeking-to-ease-sanctions-on-russia_6758195_4.html,Premium,,,
How responsible is Macron for the disintegration of France's traditional parties?,,https://www.lemonde.fr/en/politics/article/2026/10/02/how-responsible-is-macron-for-the-disintegration-of-france-s-traditional-parties_6758192_5.html,Premium,,,
Military AI: France challenges US dominance over NATO's classified networks,,https://www.lemonde.fr/en/international/article/2026/10/01/military-ai-france-challenges-us-dominance-over-nato-s-classified-networks_6758154_4.html,Premium,,,
Isolating Israel: The West's brake on West Bank colonization and Gaza's destruction,The condemnation of Israel's policies now extends far beyond the Middle East. Threats of Western economic sanctions have alarmed Israeli business circles.,https://www.lemonde.fr/en/international/article/2026/10/02/isolating-israel-the-west-s-brake-on-west-bank-colonization-and-gaza-s-destruction_6758161_4.html,Premium,,,https://img.lemde.fr/2026/09/24/0/0/4300/2866/664/442/75/0/c450690_ftp-1-g1ogid8n3etv-5174831-01-06.jpg
"Fresh alert on contraceptive pill worries French women, but doctors warn against rushed decisions","France's medicines regulator is warning 1.6 million users of desogestrel-based pills about a risk of meningioma, a usually benign tumor, sparking a surge in calls to doctors.",https://www.lemonde.fr/en/france/article/2026/10/01/fresh-alert-on-contraceptive-pill-worries-french-women-but-doctors-warn-against-rushed-decisions_6758150_7.html,Premium,,,https://img.lemde.fr/2026/09/28/0/0/5669/3779/664/442/75/0/0280edc_upload-1-kudlyrkji5kx-img-1212-hd.jpeg
France's public finance crisis in 13 graphs,Is it really so urgent to tackle France's public debt issue? Here are the key figures you need to know to have an informed debate about public finances.,https://www.lemonde.fr/en/les-decodeurs/article/2026/10/01/how-much-does-france-s-debt-cost-how-do-deficits-arise-13-graphs-to-understand-france-s-public-finance-crisis_6758129_8.html,Premium,,,https://img.lemde.fr/2026/10/01/8/0/684/456/664/442/75/0/3c6aa3b_upload-1-eiuxecr5fhij-debt.png
French high school protests: Authorities should have listened to students first,,https://www.lemonde.fr/en/opinion/article/2026/10/02/french-high-school-protests-authorities-should-have-listened-to-students-first_6758174_23.html,,,,
"'First surrender, then negotiation. These are Moscow's words'",,https://www.lemonde.fr/en/opinion/article/2026/10/02/war-in-ukraine-first-surrender-then-negotiation-these-are-moscow-s-words_6758165_23.html,Premium,Alain Frachon Columnist,,https://img.lemde.fr/2025/02/13/0/0/0/0/100/100/60/0/012c520_sirius-fs-upload-1-siebgildln9p-1739442624103-capture-da-a-cran-2025-02-13-112806.png
"Leïla Slimani: 'What can kill literature is not robots, but our lack of humanity'",,https://www.lemonde.fr/en/opinion/article/2026/09/29/leila-slimani-writer-what-can-kill-literature-is-not-robots-but-our-lack-of-humanity_6758059_23.html,Premium,Leïla Slimani Writer,,
